key,value
bohr2ang,0.529177249
ang2bohr,1.889725989
